nome,cpf,data_nascimento,email,telefone,cidade
  João Silva  ,123.456.789-00,15/03/1990,joao@email.com,(11) 98765-4321,São Paulo
maria santos,98765432100,1985-07-22,MARIA@EMAIL.COM,11987654321,  rio de janeiro
PEDRO OLIVEIRA,111.222.333-44,  01-12-1978  ,pedro@email,55 11 91234-5678,Belo Horizonte
  ana Costa,44455566677,30/06/95,ana.costa@email.com,(21)99999-8888,RIO DE JANEIRO
José Pereira,000.111.222-33,1992/05/10,jose.pereira@email.com,11 98888 7777,sao paulo
MARIA SANTOS,987.654.321-00,22-07-1985,maria@email.com,11-98765-4321,Rio de Janeiro
carlos LIMA,,15/08/1988,carlos.lima@,21 97777-6666,Brasília
  Fernanda Souza  ,222.333.444-55,1995-11-25,fernanda@email.com,(31) 96666-5555,belo horizonte
